{"nodes":{"node:102":{"location":{"x":95,"y":149}},"node:103":{"location":{"x":393,"y":274}},"node:108":{"location":{"x":238,"y":639}},"node:113":{"location":{"x":161,"y":485}}},"selection":null,"view":{"scroll":{"x":-84.3596954345703125,"y":-190.601486206054688},"visible_rect":{"max":{"x":803.52044677734375,"y":973.86468505859375},"min":{"x":-112.479598999023438,"y":-254.13531494140625}},"zoom":0.75}}